self_x,self_y,self_z,self_speed,other_x,other_y,other_z,distance,relative_velocity,time_diff,action
3.745401188473625,9.50714306409916,7.319939418114051,1.2190609389379257,3.394171126388621,9.15593762867539,9.688758641375138,2.420333102462282,-1.4382465171125927,1.409729556485983,0
8.324426408004218,2.1233911067827616,1.8182496720710062,0.9283831568974037,9.475578501733581,2.486334514131813,-1.0516706949156904,3.1134100232190254,-0.2041649440736526,-0.6263125794058743,0
6.118528947223795,1.3949386065204183,2.9214464853521815,1.0564532903055843,8.317002100606127,1.0562741557906148,3.022738792384067,2.2267101175938495,0.2772437065861273,-1.360648761840007,0
6.075448519014383,1.7052412368729153,0.6505159298527952,1.4642198760773333,3.938326239694198,0.8042832019947078,0.21297530516288,2.3601819454508894,0.5526990795364708,-0.1795425187811961,0
1.2203823484477883,4.951769101112702,0.34388521115218396,1.4365242814551475,2.454199716602572,3.1205036261561685,0.6571806036593171,2.2302449508281312,0.14013083802983894,-0.9454366334234189,0
9.695846277645586,7.7513282336111455,9.394989415641891,1.4263791452993542,6.756341091825923,8.859028103604262,9.652041837426847,3.1517876970045062,-1.2345224938442416,-0.9120514127425644,0
0.45227288910538066,3.2533033076326436,3.8867728968948203,0.9899443222417272,-0.23868526733430062,4.838986646961017,4.402200331247513,1.8048490980293905,-1.077227325075712,0.906590942262119,0
0.7455064367977082,9.868869366005173,7.722447692966574,0.9391009770739207,-1.8990537962463925,11.4153686497491,9.119367871640872,3.3670082931893974,0.8138110400578373,-1.277866044797729,0
3.5846572854427263,1.1586905952512971,8.631034258755935,1.2363086887792907,2.8658959286747914,0.8802021302555715,6.971531797746893,1.8297874552017308,0.6888185350141924,0.41267241406563926,0
8.872127425763265,4.722149251619493,1.195942459383017,1.2992713510560965,7.077817489642259,5.264242659882114,3.502997309081971,2.9725267853568313,0.8129015398636827,-0.01861321090682777,0
5.227328293819941,4.275410183585496,0.2541912674409519,0.8755239988953132,5.357898896177198,3.826899157886695,0.39183243224420533,0.4869865630812867,1.222699421778279,-0.7521233125533752,0
4.103829230356297,7.555511385430487,2.2879816549162246,0.8538859368801551,1.1224758584549575,6.342770981090705,1.5353460895394198,3.3053997505197104,1.2890929570277194,0.9243611386932509,0
6.334037565104235,8.714605901877178,8.036720768991145,0.9305990412202252,6.479653889126295,10.167573387676512,6.983641128175117,1.80035978585197,-0.816194512374175,-0.21867663412123095,2
3.5256885633416903,3.04781258158029,1.6465585314294173,1.1738625935628093,3.034195343445038,5.965486003310469,1.4165538451552067,2.9677071851486905,-0.6917629986044356,-0.7676234332566775,0
1.6829104217293056,2.187642195730702,5.581020020173412,1.0826853197406285,1.6596854117116373,2.146577527352964,6.807830288498259,1.2277170449849502,0.6368117697733262,-1.0557392101398002,0
9.97740485048942,2.66781014275285,9.766149558326529,1.0877259093227618,8.395498146289164,2.547679139724116,9.40407936086021,1.627253854374204,0.40305403410409135,0.5421163546643006,0
5.309345833171363,4.477831645730916,5.52893089071328,1.2148877067155754,4.987859108287074,3.4440403300345483,6.6206805619620805,1.5375290382161626,-0.08909809666188462,1.4502694226845287,0
3.9882444244455306,8.16431873219384,7.983451249845511,0.9055022807758006,3.0596403839130906,11.065078433586017,8.104907458762362,3.0481902696515615,1.0750764144411598,-0.5221232843943457,0
2.202410475655483,7.111495324380178,8.095010461397154,1.0440661911042106,2.844429737139624,3.4069470267787825,8.817979169901495,3.8286486617153157,0.7056483577223163,-0.872785137786859,0
5.414479738275658,6.957843993450822,2.285500217972997,0.9224684489671554,6.804164276206142,6.977394843100648,2.8521546059326344,1.5009005783458818,-0.717512475508773,1.488761099273773,0
9.654193512887936,5.582934536070976,8.826363431893396,0.9320949758389656,11.101409386380588,3.985687806776467,8.989431131334475,2.1615323206771886,-0.28647561863342963,1.1633102962828792,0
8.509284487675128,9.356349942209475,7.853406511139436,1.26829177829996,8.667929958216769,6.581645536463127,9.606353376315237,3.2858751705932527,1.3204003273733353,1.420991510265952,0
2.8392097473746567,3.0536386034439342,4.856137535862266,1.1138969000903731,2.831924330398112,2.478653644045079,4.162347245559638,0.9011136153413898,0.7325115691696871,0.6628197727563876,0
3.080607918523892,5.425402305548993,5.0881407683876,1.2454328327301267,1.41186188702972,6.234816107924492,2.840697312329704,2.913909077044267,1.4366785748250273,-0.03977354112163467,0
9.06098787718554,4.343943655104287,3.500784076946757,1.2515723534213954,10.336168750371325,4.935453582301531,3.4937400849364177,1.4057097392901545,0.21601259762754932,0.805662042918927,0
0.4360377175443375,9.94550510797341,4.69944513990943,0.995692239257731,-1.9201802577470852,10.43634018752221,5.459308092418228,2.523900538649944,1.3592155410718596,-0.5077490859884589,0
5.527649668354899,5.722924691708383,9.803315837160456,0.8527423792042897,4.103371100586611,4.827578694364254,9.636509837445052,1.6905733155072846,-0.3819393987178521,-0.3159255995715835,2
6.96029796674973,5.700611700893649,0.9717649377076854,1.2305050586894188,4.33669381549231,7.286746964187214,1.0488062269271383,3.066766893032972,0.7223058532626134,0.5910472229858037,0
7.024840839871093,3.5949115121975517,2.9359184426449336,1.3665528088349594,7.481514519677372,3.980722748667712,2.971816164343689,0.5989071768125701,0.004548884061598812,0.8948855369003255,0
6.4996393077776515,7.019668772577034,7.95792669436101,1.4230037392722963,7.807510290996241,5.290820715087011,5.706774104550249,3.125240806280995,-1.218054180477393,0.23484042298852192,0
0.35942273796742086,4.655980181324601,5.426446347075766,1.0005788764897992,-0.2623749701174164,4.776278250135823,4.086765936631931,1.4818392683642272,0.06672978016441311,0.8099806592958325,0
2.1582102749684315,6.228904758190002,0.85347464993768,0.8361772048180254,1.655984403876331,9.812458694278696,3.6185952874184797,4.5541170141173595,0.41228970449461966,0.6782740011679849,0
9.758520794625346,5.163003483011953,3.2295647294124596,1.3566303363380925,9.091772678296572,2.659304944376155,2.071836112777327,2.8378504140935434,-0.9801170397874627,-1.030688871986742,0
2.502428981645953,5.4922666470612045,7.145959227000623,1.2621381637024118,4.994381577558184,6.058211045251818,9.622985706719858,3.55890165407072,0.33516223870305684,-0.24119981271663038,0
2.4773098950115746,3.559726786512616,7.578461104643691,0.8100754420408292,2.1212219532015713,6.367735307221072,7.549297893294368,2.830646740158507,-0.07958468765830284,-0.9803943902699545,0
4.33851649237973,3.9850473439737346,6.158500980522165,1.2445655556073507,2.9396290075381084,3.7924291241641725,5.460003823640346,1.5754003465853077,0.37757974714270914,0.00940877574026322,0
8.564898411883222,6.58693631618945,1.629344270814297,0.849398123180301,8.261212123135895,6.678281226865191,2.6000883159948627,1.0212312450826269,0.22642253362763687,-0.3354902213804343,0
6.432882184423532,4.582528904915167,5.45616789315935,1.4590253661435675,6.622024426159575,5.2415196150703185,5.29342106031408,0.7046489021355906,1.2160519258681912,-0.9126265956321107,0
0.6936130087516545,1.0077800137742665,0.18221825651549728,0.86611007252915,-0.03603614032688629,1.3191774057028463,1.5097039572954956,1.5464716299455104,-1.4301841927925225,0.9434054477668075,0
2.8185477477339993,1.1816482762165625,6.967371653641506,1.2402599927459188,2.1217531247665473,1.7246691441302686,7.839342854695092,1.2412607240434785,0.9104427911545456,-0.6538962822860805,0
1.7743954377972282,7.506147516408584,8.06834739267264,1.4933535994004714,-0.9071119801004446,5.675292359985802,7.064543300400821,3.3985489979845496,1.292271976810694,1.0752382555290354,0
4.289940273750183,7.508710677914974,7.545428740846823,0.8721867081851529,6.032846250370345,7.5269304415248115,8.941829866807941,2.2333806902786986,0.9793723983232248,-0.5398511969081647,0
8.955232284962005,3.892016787341631,0.1083765148029836,1.4337673834934845,8.54867159152919,2.9723747629790642,2.9768529745629393,3.039603633800838,-0.15466343406504057,-0.6203676849058064,0
3.2866454536991596,6.725184560770384,7.5237452943768,1.354105330608094,4.8844860775195365,5.676464693632509,7.510519725008089,1.9113039880002085,0.14858664697120672,-0.17540849587986895,0
8.877041827582998,3.5091501255207866,1.1706701642760586,0.9000941774369852,9.797803839796135,5.545971307670769,0.5207150539222183,2.3278498355058703,0.9655801778710686,0.6187266814694885,0
0.8134878064189976,0.8483771408519192,9.866395785011754,1.0619895570292843,1.1192218977101982,2.579908648465305,9.150323189148773,1.898534871679077,1.3417457321515762,1.4580031914686127,0
7.533781852589416,3.762595855309158,0.8350071669866876,1.3440028411492058,4.4781679501312075,6.117644276123166,0.38152080387222576,3.8844149194962707,-0.09401807401762108,-1.331090172954488,0
1.1881791626807192,1.1752624677710488,6.492103021160636,1.3222314154857964,1.181334919195275,1.9142921934716566,6.625412530358251,0.750988151957481,-0.3753882614288879,-0.6428637411544178,2
5.283701212972092,4.363358316065559,8.02109249026734,1.4845304681279896,2.4385803826977086,5.261998304809271,7.768986306459046,2.994298564963901,0.5862333693199426,-1.2736963587306922,0
1.6621543190925292,2.168091065864912,2.9449394683942987,1.4970819625205594,2.0899173060670098,0.8222365688229536,5.233684404270545,2.6893603108792536,0.7113021175290575,1.245763025007319,0
9.587024074078462,0.5786389775770739,3.945217986081299,0.874729246155119,8.106180262569074,-0.15810631554711185,2.1315344017398203,2.4546160932284393,-0.811815762885151,-0.7021862251072831,1
9.743948076661665,9.86210744479603,6.981617140197452,1.1752674564408843,12.127664274965491,11.287743202075104,6.1162616567038475,2.9091889487108222,0.5541935176616377,-1.012149181965326,0
9.109271844938425,8.22537242923169,9.49799913291924,1.308003655871852,7.128922034407461,10.972560578013221,11.267159314001171,3.8208318260820597,1.4618283879448333,-1.0487493266894155,0
5.941307153521351,3.8089085663102153,9.699143978146033,1.3894832461949962,5.237543675364294,3.6370987984312886,11.555868446106226,1.9930447509898999,-0.25554149298700457,-0.6797787842078813,2
0.7535906035246231,6.9171439716891205,5.343462750294631,1.3249375246289803,1.003234907229365,8.128477419097264,6.729691324922933,1.8577622722775746,-0.3664483521726407,-0.7767455030111045,1
1.2915941515149498,9.540510272587223,6.0617463445088005,0.9600499638524239,2.5108788478720987,11.131180493752925,8.373802839886075,3.059818975215745,-0.4255118459014784,-1.159327223401113,0
6.715731955927996,5.2030770090379335,7.723183917356393,1.1641144507783954,6.9706913102889585,6.932944788680617,9.26305368718451,2.3299454318615624,-0.2895514013628089,-1.097954314648078,0
0.28782676313338973,7.55137255673619,6.203095513534647,1.2928558376694566,0.5369589618956165,6.90089706657842,5.689632555598048,0.8653493080421889,-1.4563660029963543,-0.44823732358020907,2
6.366443216222826,5.5481560854222565,0.9100209105133028,1.3084779228551597,3.322596933581843,8.490111293367713,0.5151583416553631,4.251589948030009,0.07080682804503358,0.5929256144803903,0
7.964717756738773,4.593468079461724,8.420914150187096,1.3382424189207782,8.766931691860673,2.308726773754083,10.229786961050975,3.022517308071702,-0.8726076267644575,0.2389498034152151,0
3.41563210456545,5.372634167140701,4.60119158983572,1.2093362741644076,5.8333212531431045,4.153200844962721,5.441530156291799,2.835208520137739,-0.26501635692741576,1.1229528145632512,0
5.1523605486421085,9.731103492701044,6.019353955409602,0.9566943461344244,3.7841681637278604,8.97624726420242,7.587323144921018,2.2136588958323253,-0.45714235655194946,-1.4045859555445046,0
5.487153092074086,5.34423503732523,3.559914842719861,1.425952084027148,4.925161099539871,4.1162195593473605,2.6220575673895263,1.6442120552762751,-0.0565638178311203,0.563354151288249,2
8.735786241067773,9.208724005318132,0.6107795985486375,0.9938143537030426,8.32537162581182,10.12997405538327,1.7470411636195953,1.5192867258744196,-0.946436941930868,-0.8719520299898691,0
3.70472102791382,4.845229851910213,6.1825477153029595,1.0582395476988407,6.172172598165745,4.471675792575645,7.047383159886609,2.641174025503095,0.03503232634699849,0.09634045579594686,0
1.0717201133977605,4.474123668234546,5.326172664550231,0.9697293525443108,1.5385953452130647,3.3395975503080915,3.1927921001537203,2.46098245155967,-1.439786406666821,-0.5337625032504651,1
0.8920432871205619,5.353355640155235,2.332164115498012,1.0400488049947822,-2.372978796787711,4.766804638309497,1.8850062114685644,3.347291663018174,0.2525984541425079,0.7104674261847386,0
5.577422659504374,5.865354346607591,5.6445854252264125,1.0651408381659024,8.836686102564332,6.93253574439983,5.210518504527375,3.456889992277162,0.3226656668807184,-0.7669405336060364,0
4.982476978489402,3.30348481280914,9.336918237598745,0.8052740541938523,4.056841366059089,1.415221750480847,11.120119749077054,2.757198997187397,-1.2363371263795684,0.9175946602234304,0
0.5565348935697534,8.423140352981816,0.5163547787451284,0.8127697369998528,0.49457224769859426,8.684089846736171,1.87816269960877,1.3879678746645987,1.252186839256595,-1.4840999808071837,0
9.750671629451425,4.907487792587845,7.228960966217757,1.374603031207347,10.17964187873385,7.58215704565043,9.091916863232541,3.28762463828673,-0.8847673195516227,1.4039821995127029,0
7.109524788367483,1.9950692733831976,7.362471836984882,1.1708880162267816,6.980880034518233,3.4763087819342813,8.508778418987744,1.8774021237680207,-1.2381294612309737,0.018311869078041054,1
4.811401018548175,5.325894325515859,0.5182353682242691,1.0356229947357445,3.908448000203598,6.466270967468899,2.1777290254669333,2.206740183455748,0.2869162218235328,-0.08527143434952489,0
4.118409141472686,3.4886826654299528,9.29529144247826,1.3814335854514104,5.27586636542469,3.7432765920155133,9.429382321196734,1.192688415508605,-0.9563008015030195,-1.3005111978996675,0
7.4112064929005905,5.744731131799119,8.41828776758272,0.8978406636384026,6.519432413814217,6.627223909490082,7.940570001607211,1.3424860426595477,0.9437241606941464,0.4955916620886005,0
5.230654247691193,3.5883048412350247,8.772005408131083,1.074711575195845,4.752068716091679,3.213120939623258,10.723584057874533,2.0441297163388343,-0.36916671172527726,-0.11196064299118058,2
5.39781061914633,4.38744675388339,5.7748627090612565,1.048753716272877,6.4280583049603,0.8780572501110608,2.3412708236617608,5.016650099298704,-0.5015526422625471,0.6916474104279042,0
6.937176074033385,1.6673075999338316,8.786291153734382,1.1467965384827759,9.085898950212144,2.386678986583462,11.160837344669185,3.282221016846232,1.4930778477715299,0.7572093601164682,0
7.069804612434591,7.785719390507511,1.4312798554846962,0.9431812152186243,6.992166135376639,10.547133995413322,0.8218677614000197,2.8289258480426214,0.10944405445378425,-0.363535303329253,0
4.5700021928167835,6.039578720725125,5.022883474625301,1.1779024459789857,4.960795673427808,2.1801818586486084,4.444576114673434,3.922002433205344,0.8156459417947355,-1.4633907830458663,0
5.9844270120522705,5.655083473229738,7.161790747329522,1.2193205553441286,4.217748699813741,4.634691092438876,4.642601824326836,3.241707219890386,0.3448507894579633,1.2355572265288943,0
1.3911619414306187,1.007946030158865,2.560155318536622,1.3082669102436806,0.48356732744276365,-0.30534151005893495,2.867070632823991,1.6256226981606765,1.2562515667822396,0.8702539113722603,0
0.23022604787637513,6.513672109882461,7.71246668519738,1.0621047588042956,-0.7109022786898405,5.770588245485591,8.34072580600011,1.3537376701060406,-0.5035607620351832,-0.5656672078630764,1
5.912754357449293,3.9900270387013026,0.5476163882203133,1.0346380691521306,5.328822069858053,2.4718704758110515,-1.934668619578341,2.9677457987301143,0.11218680881376875,1.2595668492382814,0
3.4634599436596125,3.469532018962277,7.3750124810974835,1.116552558622865,3.074072916614205,1.2148175892851176,7.0063978849685675,2.3175927460848125,-0.004896681781560774,-0.24322365148635638,2
3.114731711327574,7.804957075460877,2.775871726294181,0.954068049856768,2.7056463567060685,7.922570459219992,0.548819369018573,2.2673654177154408,1.426623947048269,-0.12303303594896087,0
5.573053688900479,8.606320178907339,5.350697189336586,0.9291240099931993,3.982666277981299,6.9294024443569135,3.306641784026617,3.0853764284503185,0.8993460662228081,-0.45183900285200096,0
4.682318284413793,6.249759870510523,3.777259474401693,1.385595369304633,1.8154377645727573,3.7736562913376814,4.828672866570809,3.9313563780289793,0.6421775993694849,0.08294319043435738,0
5.344558912572469,4.810879483875859,4.9701194882124895,1.3357493967463685,4.896602224874693,3.737164680572933,5.134718446994179,1.1749985064318256,-0.6830944358391017,1.1922912294566528,0
5.265784666592937,8.007497714861211,9.789314356159611,1.3878522016195993,4.9898804334794695,7.622272172972613,11.325744228828697,1.6078366265274706,0.15516778577801915,-0.7383343078700871,0
1.961130996934528,5.055078791060338,5.950489797004206,1.0374898721273338,3.4053170324605686,5.313916435511877,8.525476461686292,2.963650882726273,0.9159449020737154,1.4661863458663285,0
6.031974021769796,8.06850148962586,9.626493185548746,1.4610868079040915,6.693426294561699,7.654787141222871,8.040196308398732,1.767771606772767,-0.5280298166796011,-1.239224955148952,0
6.332407749109605,7.359046131960023,8.481280954668835,0.885943822763896,6.82788635147353,8.664060993306135,9.272356528207558,1.6044822831007954,0.37428381312975323,-0.4924024285504949,0
8.251073314226598,3.6305921219509054,0.34228110820529123,1.3814581545956748,8.643979730886839,5.40840755921724,-0.6627776821277287,2.079698620776807,-0.4117263160021638,1.0832040599241646,0
2.195105250809587,9.745472651988699,7.797587747880308,0.8799665481442778,2.621814134563898,9.803299925015036,5.796155724546373,2.047230961324853,-0.045664898548961386,0.03737296764576481,1
5.416342146608669,6.334782198261473,2.578876854332023,0.8975492518509769,5.2341721873821605,4.402111128625485,2.730102987713101,1.9471190772189286,-0.6830780204418931,-1.4448279703575997,0
9.14298806560499,1.1775108289014113,5.765164755142536,0.9918386544810442,12.15134913406492,2.2538981985909863,5.061443174850133,3.2717075282521586,-1.4670125140245585,-1.0893431097935782,0
9.00018641848105,8.738900775625153,5.974131021703083,1.2203618023035574,9.790592537428736,7.233263938280096,6.739575606076568,1.8648296250829632,1.2432358377748791,-0.24368842532378077,0
3.8313852824949746,5.189177052828375,0.46965966775055046,0.9163983581292556,3.309365653049716,5.487014597172813,-1.681887782987718,2.233913187464014,-0.33211315787407036,-0.6339187896879004,2
9.15513677291914,7.215328611219056,6.104046670079576,1.464514757940436,10.02666978771812,7.9951369507440315,5.92656153605809,1.1828659328410476,-1.094996167736379,-0.048735174202761744,2
0.3118313506128467,2.622640442998251,5.9507793070025485,0.8359980694389753,4.151958158016039,2.4785505934112764,7.674689296431062,4.211793137529673,-1.1802052405986845,-1.2745866547925737,0
7.281887562036033,4.954913162061985,6.88402396427736,1.1043791370226224,6.227122924347202,6.016541065245198,6.040323800435958,1.7179674654084824,0.8982476369069379,0.5840894125632801,0
2.7214513722996267,5.902306668690871,3.6097389694002677,0.864107451328644,2.609801228649557,6.833314815016887,3.8762904708001487,0.9748290239837021,1.118837507629225,0.6966746592286834,0
8.065611478614498,6.587833667107174,6.922765645178525,1.3944369560957235,6.062594940549346,6.482585099919203,4.431324244904538,3.1985047699912585,-0.8363716745411933,1.463004023989941,0
9.440593396866133,0.394268113685059,7.055751725156885,1.447673822190966,9.847961652659192,-1.5208547500454053,5.434166914544491,2.5422788550864923,1.2731885861295913,1.4131747354961033,0
9.442664891134338,4.742142166574638,8.620426509893134,1.3911845789745492,11.022394171133694,6.149567875538635,7.846359417567073,2.2529029246201917,-1.3889770958535221,0.2888096354461591,1
5.60677194003514,4.810618838440864,8.849983565232812,1.1711855928444301,2.486745598764788,2.8844075123059194,10.850772994873884,4.177081850396859,0.11520447114236276,0.4849655252416245,0
7.37855766906525,5.2016810987873185,4.268170566548644,1.4136657645037145,7.855280267508956,3.5605249480396477,0.7107470694004032,3.946633994312907,1.471023940025331,-1.4992874292723464,0
1.8547290957672247,3.8396388991972574,9.325899094252529,0.8490207940232297,5.751286060618801,2.864082483092217,8.309335585814962,4.143460856340257,-1.2249019946657096,-0.4908886085147337,0
5.225191916345231,7.3227180718464515,0.03346362042979223,1.1271175365763568,2.943324604462263,8.501980452130255,-0.6450286280219588,2.6566764804548066,0.6466599457027256,0.2673256034126845,0
2.772656456967736,9.103391020575343,0.4510067722032318,0.8766273190753806,1.342467700509884,8.69070504105473,1.2956250831620881,1.7114700371313358,1.4469915452402446,1.1525969343945088,0
6.00798446442198,9.037239671752705,9.891849098133589,1.320346976025537,3.7091934515459983,8.813455932114627,8.902728980957086,2.5125441069181345,1.0134772058497363,-0.808292412584943,0
8.306425177506245,1.2033876203499594,0.46945357147813005,1.0688634280438747,9.00927041756353,1.9656722865881546,-1.4043090205079416,2.141507785411816,0.05478110002917669,0.2918222172910232,0
5.250315008602682,2.602333679515273,5.152479243147258,1.1438304386080387,6.107536053468159,5.955845709991984,4.153571518954164,3.6025945511207507,0.7436148122766855,-1.3954045192985252,0
8.9492144122784,8.601268164179238,4.574320977737073,1.073818836256266,8.677728303868815,5.95847255111963,4.470787205242732,2.65872010589934,1.2947684649569697,0.705637963570358,0
2.813909605775268,2.526490939608851,0.05082139818025966,1.2870000049948251,2.5325416093698907,2.5948791863139262,-0.8956667966306614,0.9897902831433569,1.3863659177761494,-1.1715934198366384,0
8.944799309680674,9.914753351450482,0.6151702623923505,1.4180343883962228,10.306041462306558,9.968595176102031,3.4126751133885618,3.1115771774961156,0.13133672399219787,1.0934786409220454,0
7.339099189537017,5.212603121804149,8.681608040515469,0.9716998725787342,8.569822846943856,4.813246823561962,8.278653952934516,1.3551893485947881,-0.49797336376428625,-0.7839299060969475,1
6.801407717603004,6.186113782151843,7.527166395576412,0.9110235737051516,6.245922664707059,4.935775301232942,6.492855913955863,1.715140849390372,0.9539010723571866,0.9964025338732259,0
5.074677337608362,0.0638587171683358,2.870381331749128,1.2318488428630197,5.81711061395065,0.10082186481121214,3.0053155539393126,0.75550029015354,-0.7205892568075206,0.40201710929883405,2
8.186794204998417,1.2844871809319136,2.833429482655816,0.8128994031167522,9.96637532332135,0.9299579300453746,1.055299475635349,2.5405405464767283,0.7610965021515574,0.8664209456122327,0
1.737534753075668,7.708541085409898,9.47297888256338,0.9164643108525907,1.1391960146953413,8.836395012458945,10.938327499618978,1.9435303692284494,-0.07927833469473455,-1.3262386183236052,0
0.7469441775785401,8.524146591986476,9.90148372750647,1.2732365800307281,3.7775471231017086,7.414335177291394,7.343853723640883,4.117973631080544,-1.3031215662779612,0.9645388422223231,0
3.7183352923872457,8.187856433570937,2.525087496883822,0.8007206358919434,5.792691944084444,8.018368760768807,0.6876849216003937,2.776279851407359,1.3329109048734895,-1.193419140918843,0
8.54209774461566,5.270240962118621,8.259207657998966,1.0088621016929948,9.237683530701307,6.1369662984403295,7.532743887119413,1.3277055414612486,1.1041629675968787,1.3897099603203955,0
0.3130231374751624,7.312700669736856,9.095245109478183,1.400152064464749,-0.21891313692507908,4.542542018029753,8.245240990713025,2.946055355482693,-0.5377717786856177,0.6732680178423509,0
7.4583701203096435,2.0035914354871265,8.68122813490531,1.3004468281415735,5.7135393101740375,5.849678359437646,6.857598073654435,4.600265838283644,-0.8888962521711774,-1.226506528781425,0
1.5365803816111268,4.536936346052826,5.303543937282561,0.8125033247348236,1.767951352212229,3.5619765282576212,6.709379369584835,1.7263986894888088,1.2355081048797332,1.402533790841333,0
1.8545887467665434,4.620972907656606,0.012318351664258875,1.218829085585699,-0.2845995522374021,5.53022054357379,-2.2178378223862456,3.2212504408493245,-1.0175235927654298,0.45455840040679396,0
3.2592546395207487,5.902639388856224,4.3324674897165565,1.4890459851820328,3.733893749094374,5.724142425259884,2.5656225252456974,1.8381742514859654,0.5413698790779757,-0.31336474836009387,0
9.7469985187069,7.218876279269351,6.569838575644931,1.3299414873278563,11.15677067400143,8.487896596276254,6.084804257215618,1.957837680931256,-0.052930855345225236,-0.8689512602433942,0
3.460165676448396,7.758047357929561,9.412375042323864,0.8506913905024391,3.531571004169923,9.292759164960401,9.54975365036451,1.5425018422725045,-1.2524743966787362,0.9735421406905016,0
3.5780135092827137,3.2209470221933536,9.774663863147858,0.940601362903606,4.956967813844346,4.049733150080931,9.927309972629295,1.616076190836236,1.3546499230659808,-1.127340099815822,0
8.962213026850383,5.947766373769361,6.16604581862474,1.2290609224059241,8.551165305478465,6.505706224907108,5.908148283077959,0.7394377901985812,1.3420513878931164,0.37591398064184345,0
7.834227259416147,6.12257985881158,4.843984475740406,1.2625740828094756,11.06805462265284,7.88093872894917,4.692749990462594,3.6840653089959154,-1.3777376817225817,-1.0080015570315082,0
4.386072164895384,7.248265598740583,5.932786483101787,1.2552059301114178,6.633919423193004,10.801104290709372,5.296728610102539,4.252064167623878,-0.5129476865560134,-0.08945222191000468,0
7.4427906559495565,8.718327789731212,4.336553339563888,0.8305631603951529,5.475959140686884,10.515995218978741,3.602004127771423,2.763982080287933,-1.25542053134272,-0.29021591662850454,0
2.2056112492232325,4.1839978866765275,2.0357828034224266,1.3883166843938535,6.846684772654659,5.880877072273134,1.6236615606608005,4.958710148732489,0.3862944546178353,0.706050895997258,0
7.677238880667803,5.0484488189301775,5.433005233632883,1.1597971074661075,7.063056013200496,5.163372977117868,7.786068750149278,2.434612098381591,0.293170695767593,0.8788682838168946,0
6.550093388321086,9.921333163406723,2.8385452860864504,1.051405720766362,4.234786670568417,8.912598953711298,-0.5886840724019073,4.257239831013166,1.007994191343628,-0.7926237181223704,0
7.760002070354295,4.053101830857434,6.018553836620085,1.2427783732584143,8.105963435750843,0.5660829221277304,4.963007598571176,3.6596677440506458,-0.18850383354952038,-1.2078198223393435,0
4.050207990803215,5.929183998317819,5.794148993435008,1.2638348953058243,3.8371502006416347,6.331509210734362,4.723724159823862,1.1632147363689995,-0.5635558299106588,-0.30286216158866663,1
6.567366645412922,3.251900642246949,7.734731256866007,0.8916115625028449,6.496985777094146,3.967461883081631,7.84996409345639,0.7281895101131578,-0.488990470706141,0.9866500976478285,0
4.308875236618059,2.487142725876299,6.171449866040301,1.2947440518198121,2.3843869003352047,1.9641645242645103,5.647563309562658,2.0619453629783333,-1.389985719199371,0.7092060451969218,1
5.3351192529969556,7.817903298450294,7.053855941122036,1.11245805255881,5.595981315481713,9.452058362490945,6.279182528539312,1.8271920219659639,1.460078941071485,-1.13108757441112,0
2.311309124276466,0.5169683724152696,6.400029668369137,0.957290823880876,2.377674905612127,0.8033749985752432,5.05818481974846,1.373674186337677,0.5646235975997862,-0.307863034606797,0
4.7989708159207325,6.859677359829841,0.17379790185479638,1.026191459949195,4.900601175063977,7.459849071802166,0.3958455390943271,0.6479505899025284,-0.472039535637254,0.09673496647889746,1
0.2997358987267795,3.079299415911909,7.0468076273664675,0.9412974164860639,-2.211710682081166,3.494153144804301,6.070737321348833,2.7262026313018626,-0.16874934208628645,1.104426763132516,0
1.771497894473859,6.926259522261645,8.381152896481103,1.4612299536318163,1.7251664411164889,9.931370423034803,9.825601190152298,3.3345567925296296,0.21182923991648916,-1.4088388209094895,0
9.309486955069778,6.895267510315612,6.765133857772465,0.9509726066784021,9.770918088246356,5.260877862873633,9.211822636195272,2.9783274146389993,0.45369893112447635,-1.1802209090760278,0
6.5784530460303605,9.994137257706665,0.4821203886055603,1.4840219289549221,8.086166905947387,9.61556719250999,0.9930204172553481,1.636317578260182,0.7153476277539794,1.1355466839040438,0
4.0414032165103295,3.270331615632387,6.675933855635847,1.365492159358881,6.194175540295407,4.3525310263099986,7.629029253958193,2.5911339372616777,-0.1932500555612009,0.953502648525065,0
1.2020905537060844,5.444890979608496,0.057586604981215705,1.0272100809301892,-0.7149433214484797,2.979279906226409,-1.270158643518556,3.3936947842415366,-0.15391913213240804,-0.7873676073770176,0
3.732517916293401,2.2726962726315145,0.7319592376844364,1.2224140153669645,6.061360639527864,3.9071935701562066,3.0329264189587866,3.659172012146909,-0.10951786859828294,-0.36064265946231044,0
8.633336495718252,5.190817851362181,4.79181877629731,0.817949446064505,6.8982201581403295,2.8916240729686624,6.959895810671711,3.605201625778367,0.10080764018063526,0.32371527838033387,0
7.6488326154212825,8.129857387160936,7.181230762264944,1.4688665871684543,4.912727804581877,7.75082885515949,7.769357556816248,2.8241503661170206,1.28110363438892,-1.3191978291313173,0
9.344360268055143,3.516226872396344,1.0142082844921652,1.140110231430428,8.038501343662508,2.039818309457589,2.4705593823936294,2.450715874085278,0.11748383002576346,-0.5660769025319891,0
6.103337833109183,7.161506742231936,2.7262400073353374,1.089484371067746,5.1771679144205365,6.96010458719567,2.487404190190272,0.977443652538773,0.5433535618949485,-0.9556849569131192,0
5.251633836670601,7.090462617224327,1.0687692309474384,1.1971185537402325,7.347755891261159,6.977746367009302,0.20032434815618216,2.271701814774509,0.39945412678206704,1.3542100266199713,0
6.016118201463312,8.191888594267901,8.842064633484078,0.9596558403642528,6.111650791940736,8.941344245956838,6.897500754588315,2.08617806737535,-0.26691459057988576,1.0195839086001612,0
9.000231233980111,3.534213793027181,2.3687055897448204,1.3463678606707032,10.20458366119864,2.693541565792895,5.098065159792803,3.099451278081771,-1.2133940584959955,0.3715779740297189,0
4.517676787372292,5.866084631754741,1.6801420774486342,1.3158116214609274,3.275385815473646,5.33492316958276,2.360448828066398,1.5126918498800932,-1.2128563334395148,-1.4290842418609908,0
6.4197150044326605,6.070940360887808,5.4669741271407,0.9623629672811829,8.608955409507942,3.542973952744897,5.938549368222971,3.377243094583947,-1.0906807423298006,0.5854336621427816,0
4.043187681042921,4.281996149256147,7.175977656581763,1.2847053059270588,4.040061984912645,4.736024172750126,6.374755132049618,0.9209282001935933,0.2351607510192273,-0.6775180003205824,0
0.794193689889866,0.8565824959643054,8.941908746641182,0.93430712730312,-0.8569752343651613,-0.21036544117650124,8.062062627297104,2.153802662900982,0.057179372724811106,-1.2971623092233553,0
8.003565078223616,2.3371208191043302,5.400119146045106,1.416055361293021,7.707262239678164,3.0310603221759838,8.57690307048394,3.2651651579401655,-0.5269987406538732,-0.5009942608254062,0
6.694869551981901,9.941393612211675,6.618391898493786,1.1904483921590174,6.304121709073817,12.531644375539816,6.763042476684021,2.623548490771632,1.3728758535161405,-0.9740911729270211,0
6.900048908206657,2.0093368865905648,5.3582768447308124,0.8676735147527037,5.878717985148034,4.384534424666706,4.898106255423757,2.6261068467489936,-0.45728542728305377,0.4947351734616541,0
7.954499607897292,9.271778194794527,2.3464208185545354,1.0795211410665158,8.063994741857329,10.4418954643694,2.459201449963815,1.1806282563700397,0.3707570640082791,-1.2326267036519503,0
7.552704204968079,1.2771348363523483,8.260676302525283,1.3474196613692702,9.393279294923307,-0.32875667100105477,6.92605714984543,2.783489263110847,-0.4195907775854426,-1.2370717597084844,0
9.369578230310628,5.538022407123763,3.0552431065802352,1.0778870619519985,12.603192975120812,3.8408428761451177,4.309728691073563,3.861400880500274,-0.009109551282509232,1.476474044469938,0
8.514249577450958,2.085105143573358,9.305952146439163,0.8814564785198333,8.56114989332397,1.4272243341874147,11.055406267294346,1.8696514434419256,1.1339229613352084,1.104170070322351,0
8.059254001176212,7.900304363070614,3.046791390980408,0.8566434981358766,6.277384788213115,7.37078027798227,1.491927516445962,2.42343873805934,1.4268306025797446,0.42291623203599604,0
8.224805636343609,1.3252467274184843,8.620144822726225,1.445930033359376,10.19440840972668,5.022563181205009,8.169934396137487,4.21333282243025,0.7944294027089862,-0.9754841182187624,0
5.0256607646344245,3.986630277723131,1.4637399216224911,1.057274095604072,5.787297270101675,4.067612905391821,-1.2398734396188344,2.8100130888533434,0.018425588520732283,-0.18146493410126974,0
1.0566468426174391,6.408263146902062,2.160381825095996,1.2337115684284807,0.08685256082878268,4.958487607999572,2.7861675216698423,1.853094115318052,-1.3159511186679955,0.8422847582053192,0
4.5980042376932015,0.5816379550547579,9.948663171697671,0.8404463926974567,3.7525306965536878,-0.03475877939401828,9.397826847765181,1.1824513092595244,-1.19686256696806,0.5764840250823955,2
6.18051674287186,6.3318962601346405,2.288946048466136,0.9628518769938768,5.120381607044593,5.442654354065406,1.5279468853833174,1.579163512730044,0.46717101768496905,1.0440476557482041,0
7.243174696766612,7.920936337605432,4.047984290851998,1.2578530567603987,7.8137124923424865,4.660204453253385,2.0725509297067104,3.8548959469921353,-0.3387637189931074,1.3914668264470529,0
2.4858025771494208,1.3380373627948872,4.185806216239353,1.3532364151021037,2.37352249824715,3.9618997958601794,5.3768318265510535,2.883713385235775,-0.9309154554759684,0.3568445790231647,0
3.2350039491147378,8.343033659547675,6.292988060107362,0.9391993944427072,1.1530848582649282,7.199671466353302,6.277814192903995,2.37526723800019,-0.7019421659838578,-1.0522866661494716,0
1.271997626874496,8.646603921404177,2.4347796840486726,1.2561974535376779,4.599629763046587,9.31081349293555,4.2436698954735546,3.845308022198986,1.078695694940837,-0.32281883541457645,0
9.562221906489484,1.3314500417809694,1.021495296575381,1.2610845023452104,9.265514877644724,0.7618140318106063,0.8900379098506647,0.6555923194679236,0.8435112713607578,0.9753965877861113,0
4.954521034609818,3.863489098483155,4.501244324197597,0.958875286055755,5.18359788343956,3.677804716766775,5.965466861324661,1.4936206113046162,1.1473783213682993,-1.1829195602811777,0
9.882752710001313,4.432730874436182,0.47830820394105467,0.8266152937662185,11.072337280987457,6.274359264165133,0.293787318905689,2.2001714784075737,-1.393287398893355,0.025737868342735393,2
3.5325140850206416,2.9653558128765525,3.4970322974584955,1.3422574718268274,3.673783247541255,1.3949893388536432,4.3020114262494245,1.7703104916379564,-0.977671993997747,-1.204813050859808,0
6.603027197013382,7.643726622217359,2.6504642832500402,0.814661472721639,8.097098725722105,6.508533989363168,0.5177482831372746,2.840667101883191,-0.8829382134133347,-1.1358407455217807,0
6.150129680388666,7.74633780637788,6.439042535411307,1.1712114932744109,8.402130158321896,6.781060460807665,7.830802727533163,2.8178472170892515,1.439910988076552,0.3056447689089663,0
5.824226582072464,7.4807317942953215,8.117697880901375,1.2595350251320518,5.276797487758136,6.221917293286812,6.5504840898698244,2.0833750569810014,-0.18178503091664355,0.33881874748357665,2
2.737913075141065,9.28317532848577,6.759822755863554,1.1472334870759207,-0.21162180892293758,7.464489410211929,8.463050280407709,3.861134354306105,1.1378059799935145,-0.7247051391245457,0
5.440165791827516,6.360707637298251,2.2106337145372845,1.484878095160417,5.998909356512516,8.759391140022315,3.897831681427072,2.985383375178892,-0.6920061050939248,0.11866866148651534,0
7.279471767307432,1.0794371464646435,6.852980161158734,0.8643096213970314,6.080380653065278,1.0593602229850851,7.657605259751298,1.4441759354026042,-1.0479716768703677,-0.47284909189936064,2
5.422372054918483,5.903476904587729,5.0836054691628,1.0082839159231745,8.139434597915955,6.8388001899401845,5.576583709722613,2.915525005268836,0.7833646111294739,-1.019785095136281,0
4.6155747441978985,0.09331619827093296,2.46678864521623,1.3085232005791034,5.965917732570752,2.02528990897384,1.832570703587915,2.440938549529288,-0.8878930961133035,0.16525484790685874,2
8.151183844803679,6.149782403411324,6.8788410987991515,1.0626819331098665,10.609595085819965,10.087411912843816,7.225241260044143,4.65496563416094,0.9980414080411295,-1.4669051572126026,0
7.495454844688883,7.586763901110048,6.783788228551418,1.3293852605240168,7.850091859082556,7.42767103755299,8.616783910011671,1.8737532173327363,0.006150640465341528,-1.1258578292658286,0
3.853758830473618,6.433651799117843,7.803997761472745,0.9520463683838474,4.444626790327846,5.121113687633476,7.179706757377534,1.5689552249428453,-0.293018625940332,1.1227874118307133,0
5.101097124988252,7.234047656122863,1.0413735792028744,0.9578071288245857,3.329924031012743,6.86774790333422,1.2076052219035789,1.8162771255375023,-0.040207013268740655,0.29810689698880166,1
2.6982072012821434,8.250494101800621,4.982556822634536,0.8539407953940319,2.442930267494751,7.570652027809708,6.0271379938196095,1.2722033570489184,0.8658448940172194,0.051807169324828095,0
4.401989979554905,1.4745252670628395,3.2819275360931153,1.1038135563217126,5.834947792410671,1.3505042382987906,3.0993062735181898,1.44986200534552,0.2946758821912163,0.7069893427175695,0
9.983475113929497,9.331133313435577,6.425651995351915,1.0948736373058505,11.815025657217527,10.204279868638501,6.085925847077167,2.0572739621409215,1.0194068569068517,-0.34850114420086786,0
5.718722712271865,5.877693608621982,1.8447625313363936,1.053564809156602,4.279563857186646,6.089022978988788,-0.8078965170078838,3.0252997107249717,-0.6038232792336808,1.3220377353460213,0
2.5929675886577375,4.296568127389351,8.727302504846019,1.389353496754266,3.3633677485123123,3.497516867896484,6.972427251280587,2.0764360036315663,-1.0995600827521685,-1.258195458728626,0
7.279393069737652,4.964611523552998,4.3685070261517955,1.3106557600566777,2.970999749815178,4.061293433010327,5.071668410264332,4.4578775783954985,0.33067544843292396,-1.0939377531669434,0
7.513750860290457,6.569551562671395,9.56614621083458,0.8482706114494949,7.363519745570527,6.264040937405946,8.249172330699738,1.3602670072222953,1.21876374156311,-0.7513614004514817,0
2.71949726128631,7.593982624179637,4.4973984245054,1.3436973898686269,1.47917673022652,7.561931682656983,3.376580905783665,1.672020990566349,-1.399159199450152,-1.3120403896339363,0
9.06437453344411,1.3924537111759516,5.324206822752171,1.0877669218204946,10.16964037908276,0.9704623754986316,5.424692898589479,1.1873444017467003,1.3104673860992753,-1.3432263621419287,0
4.187933190741614,2.6015779096205116,7.3082096498072975,1.4869079633480726,4.961842017297763,3.792974929053252,5.426775515053423,2.3575742052270154,-0.9057071017207796,0.1959907637148297,1
3.0869874337319523,9.47035987738723,9.673561777882751,0.928110810964309,1.8523103417098328,9.224090759956471,10.378559169027506,1.4429474423156348,1.441550466003318,-0.8177715124158632,0
4.039778763265483,5.425458033954229,7.916999884533516,1.1841870597040411,6.911847222262471,3.41864779713888,8.744338789852153,3.600076974733464,1.0407561842656796,-0.21410835908857262,0
1.4095962752176927,6.641879145054173,2.160904531853075,0.8682937571675099,1.2248289530026188,8.320773562217068,0.8969746497677296,2.109583886496942,0.8609104047529987,-1.164192218935409,0
3.559733737948527,9.780618179735285,7.939897163680061,1.1480791512202817,5.064310702440302,11.044293067094502,7.395823629310166,2.0387844598739133,0.1345432772535471,0.7752750536073334,0
7.541076803161641,0.1794567856849183,1.2625378279261346,1.2617405564763196,6.794828815553931,-0.8532984762058451,1.3916471254166471,1.2806789998551977,0.7521885209980415,0.17394221634791962,0
5.5251361478272525,0.941519101256979,3.4366319260910307,0.9977016290805583,6.483310766999566,2.8383866672646745,2.741884626383832,2.2358172944693875,-0.38420199624940543,-0.1449095423049518,1
3.8042000750756233,7.756118509253275,9.644766539008117,0.9426365213893824,1.0580474024833242,8.057096215186805,10.188622761547844,2.815621009910606,0.4037472526509114,0.893742478847682,0
3.959704726624549,9.150900684070432,5.3302886724614,0.9105683759847436,6.012337658333562,10.624760879512099,6.314829977204223,2.7119895664969635,-0.54971496879742,1.071537770996259,0
9.061432547657663,2.769044873778089,9.83521472715222,0.8984980696341309,8.241671455894531,1.9954692688785856,10.282188081718397,1.2125232549342946,-1.0436871503331813,-0.17902974489495316,2
9.677558771033889,8.568739360750941,1.176439881593252,1.3178112324598783,10.81891588576925,6.982165888645859,1.1149167500880566,1.9554274574769606,0.6755566440821723,-0.5309664048413585,0
9.970781570816618,9.79782457854522,6.561340180205807,0.8908785142662023,9.065648122677034,10.213418704201487,5.7753453200227725,1.2687682832003637,1.4203721699285197,-0.48947849441669034,0
2.9648978128331525,9.182079996227753,1.107484453189581,1.3317076870802422,1.0790809005468462,7.190175225575075,2.732252348773966,3.1880810461052684,-0.7370340564650498,0.9577653146143836,0
8.798219139516952,5.254349125456929,2.4433994078646615,0.8790602458878215,9.163667889528012,4.56571253012505,3.7290374033451954,1.5035418865924997,0.7190139021802908,-0.9262187462562399,0
6.137774188156991,4.355054543981593,5.77249730768613,1.316648386336962,5.884423017695834,4.999051076711446,6.346159434415078,0.8988918652347955,-0.7380753762839258,-1.406653200247927,0
7.392947351647732,1.063437262557746,3.1491958861296765,0.802671993887043,6.00824843596096,1.8191648902180177,4.45096630067662,2.045268086707184,-0.8534103936260045,-0.4188665402089573,1
0.3318935456242622,3.039464012407238,6.53162790531283,1.4568133729139379,-0.23523560585073955,3.565409161317577,7.265408600534325,1.066155655987818,0.8653420297598959,0.49495471042798567,0
2.60286857566003,9.071950307058298,6.707323119058341,1.1923084416863081,2.4039179560861696,7.6101563500523355,8.3679441229888,2.221280045483454,0.1399446605633654,-0.35879835308877106,0
9.768003285106593,1.1072059332631567,4.225484283119446,0.8294172726199838,9.587431539176196,1.6051764291166786,4.511233802788046,0.6018584203612921,-0.6598880113485317,1.0750250303973625,0
2.9221823046189774,9.107701616439153,7.5396190359678394,1.363434743789007,1.5190242515520844,10.7366747907017,6.735673868296767,2.2953722915847754,1.1182615186983837,-1.1622588287641888,0
7.036859774607958,5.406984766449103,0.9653447019544081,0.9693256797811873,8.248946472029676,5.377855357617504,0.510575027702995,1.2949201292528825,-0.5962042177199989,0.29507245289327644,1
2.2635149434148594,7.302461470901459,5.9880829638349145,0.8451438898744174,0.4663588485185324,5.39272181703766,7.846031035896596,3.2138523011240823,-0.6441289849280507,-0.21245221981092932,0
2.6777667548833417,7.891608465887314,5.73349345635218,1.2611775490980492,2.849832682129294,6.679395684276411,4.660285910654973,1.6281403340502552,-0.03487611305118388,0.7126972472784803,1
9.096268194365924,6.692002629380784,8.292867993167555,1.4152852301975871,10.07619295424023,10.723304177926224,5.5778193882586855,4.958138122051177,-0.19621211742386468,0.8216389671904691,0
6.019234310151315,8.925232899548462,4.433800143791878,1.2249627051031278,4.9873335098955485,10.757933728326682,7.058172101700626,3.363174060739447,0.6079013192565492,-0.7876995948755812,0
5.123637775457906,1.0422480280834767,3.8451132764481253,1.1413669480348851,5.759989165025754,1.257256779492823,6.063731736556766,2.3180681020458334,0.018798178485608386,0.40231209412899394,0
0.7093221613377343,2.54391580841847,3.618530932051387,1.1307453485045595,1.6260376433120483,2.213623867906534,0.5167488423973987,3.251232408265641,-0.9117068617848212,0.3323402132273048,0
2.806832155159743,2.0699257843842678,5.16572628445979,0.8038540594122946,4.433551529769349,1.2036306441229372,5.885945488793345,1.9787366919480531,-0.6195335303756351,1.295261158298449,0
3.9701504123719165,0.8709276679577149,6.170665161178013,0.879686875433621,8.066451262207268,1.0262438759168044,2.9273363298013226,5.227139340524213,1.1226675740555274,-0.019360258979643996,0
7.022587660316643,9.928168389990704,1.3148911989798162,0.9923120678636637,4.956036500641364,7.141180327554098,2.5619150995746978,3.686869236137113,0.6420979334005694,0.32371564227211125,0
3.093727178627821,8.237903842212948,9.550605114849889,1.3748387977851586,2.821509684259027,8.455205339199281,8.62844581711451,0.9857484847732367,0.5597697404778206,-1.1565370858022845,0
3.838388830449795,4.562365089555421,3.690530217609166,0.8847175003396351,6.120486577197678,3.8259589147483726,4.458416354153078,2.517918445601852,0.5057179401687422,0.5360098700176943,0
3.6191999083786497,5.9366079120853845,0.10131184027743378,1.2452672324866796,3.3667375574355454,6.246693982952876,1.2397197404603553,1.2065915452996705,1.1210957803990351,0.6719191663982813,0
1.2055841640369025,9.024533072858418,0.6644384435577488,1.1737772307834347,-1.3400619134424752,8.056178929885705,4.681603254015338,4.853414963958605,-1.3687827830731578,-1.130990114628763,0
5.586423964504253,3.4316735317265823,7.29173487549448,1.2566041540143578,4.857947200368245,4.138141287286753,8.560137147194908,1.6243827776688287,-0.2102067678295556,0.518899867183297,1
5.425343685322515,8.617424949182954,5.902855429531597,0.9583953757499624,4.031873753838577,5.38327340212073,8.146866248607363,4.1757728907884735,-1.2033791470780937,1.168956099052699,0
0.1230970301607559,3.7005233467425525,0.2742030997265765,1.075081957741704,0.8089418424022894,5.796142597842526,4.904935825024184,5.128907166756058,-1.003114958915204,0.43722153028683675,0
0.4477845050466822,7.619068201324154,9.466444339935462,1.0378381790057825,-3.076507955441116,8.12081700399133,10.12108203417508,3.6195220290458856,-1.1962202561545232,1.0414184690813553,0
5.310853448852429,8.417233617446762,5.802215187850294,1.191781911386558,7.3003667458332595,8.459160800313452,6.429495805551918,2.0864807741435825,-1.0926328588081886,-1.2020933917389212,0
2.0886407070574,9.256373300253358,4.141502243282268,1.0768039875950401,0.8313462360431219,8.590945843477778,2.4973177061751652,2.1741494610849523,1.006440709146983,-0.38880904117408055,0
3.7480356778179633,4.740064284831559,4.441277131657516,1.496400581141525,3.6940425598521003,3.446989462724818,4.583776956903072,1.3020230230487742,0.3206320247307899,-1.0452471213903602,0
0.30937644731341973,9.70742153677248,7.735388915345639,1.4860762946896369,4.258763102708197,6.999013327412332,6.961025784831898,4.8510584659679,1.0156476447084843,-0.43144305864721755,0
8.26814973796419,7.090137242870318,1.771709252718655,1.1552124562838195,7.253392055790487,5.418109200980348,2.8910988139185436,2.253540307187833,0.9920655315602307,0.1344829726355603,0
1.652420504426032,5.829844261646024,9.99713804155914,0.9053650441643896,0.8695677831512996,6.677065486170419,11.062636785917078,1.5703279150292824,-0.5985318431987029,-0.5225306473066506,2
6.2066047982458405,2.0131210782243327,3.951377432643186,0.8276216730236295,7.489267746477872,5.979636098749885,1.6969219400504563,4.739307461528914,-0.8167507916903712,1.3920865414965413,0
9.09454610937242,7.221432354559059,5.333866287653626,1.4089784117533795,9.556621918628574,6.633959503426372,5.737556699521287,0.8494729854160047,-0.6726972952459291,1.1312717430545667,0
9.440420938253979,1.4879596940511564,4.626756050653935,1.4866911647138796,8.925632525007863,3.1770350702094086,4.549665465271206,1.767463067538116,0.26619456639395955,-0.37401027624119454,0
2.857835555258702,2.0322309108608727,7.617981913776973,1.0705783547761194,-0.3456757657093412,6.738853711350863,9.20206712737605,5.909662336682688,1.442218030750288,-0.27724737427854906,0
8.27518922106303,7.645277946547177,5.735289514555733,1.4692330005283532,8.61004759225677,7.349270316086187,5.508379589075465,0.501237229594046,1.0618859008662662,-0.18255055009875498,0
8.469688542070605,8.930902051954149,0.6245759361907144,1.4184253340902426,9.360023625491898,4.520319099957729,1.608427100985356,4.60585514879485,-1.4426517167107078,-0.0694695950465487,0
6.877220424305607,7.227069576982284,6.92532431537108,0.8941045905856854,7.16932471638377,5.7695844751703556,4.8558970681876845,2.5479632789424693,0.9133116230385152,-0.6637203827563409,0
2.1070496386720317,9.574480190380962,0.088632851134689,1.4984745989773849,3.5367372067361615,10.344108320526901,1.1762765314066848,1.9543036550712052,0.7214283958605572,-1.0714491380974842,0
7.53427922256969,7.689227821076409,6.585405156700549,1.3362811529569103,8.308546653242129,8.216400132388785,8.19063051417519,1.8585341396633315,-1.2341858580909628,-0.037116570998367404,2
2.803344607915209,6.874063641362376,0.2449844826765235,1.0142961386157152,5.967511499878897,8.050964119017438,2.832660481064382,4.2536001136844614,-1.4817337552804828,-1.1971764000674354,0
8.68944252279145,6.817486440901613,1.129316426860113,1.3894521061790055,9.697533301432102,6.6128152458703555,-1.29743443147737,2.6357649827891616,-1.0644104613460192,0.63033016926512,0
6.668544210142678,2.111124711661362,8.634007668570018,1.0809142169537984,5.485133057004073,1.4048812468906222,10.359451708022108,2.2082569873511035,0.14694134832492534,-0.8421781142283729,0
0.3366917821387272,2.1462807325880284,4.161214280710923,1.3317280000898575,0.7564557736351402,3.0433672772673916,2.8871339079770655,1.613767911871904,1.1008004050556508,-0.13815945567492882,0
8.214319916425932,5.546573480350956,6.370908370809049,1.1683949222367418,5.866949862597028,5.220783455259508,4.744107680870972,2.8745027039202453,0.18986679286144414,-1.1401389209283304,0
9.16791690702335,7.206551452831133,4.014456309131936,0.9110369011684646,7.643543145335976,5.76010949319658,5.41827864353951,2.527177646010246,-0.2926600876989931,-1.19175524264273,0
1.8903952472753172,7.830166373167328,7.150387188506838,1.2154400340831544,2.174962840363605,9.182582745019939,4.040255855102264,3.4033697520128423,1.3213455172085178,-1.2518536154269395,0
9.308873720608084,8.267146599310184,1.299299245357013,1.1954890503726774,8.665295830336309,8.578620602416322,2.8892100794457387,1.7432799591030521,1.2215994646818666,1.3289514504481277,0
4.223845221843058,3.773136614063236,9.363211539691568,1.2725980428047676,5.330965784207534,3.9394708323948877,10.055480147215281,1.316289799687385,-1.0826524533267374,-0.7373058487539133,1
6.663854135782064,9.660475051286772,7.61037790250783,1.4655408954119367,8.019075198593086,8.07739452564804,9.198104717803318,2.619855820412946,-1.1839052332474305,0.8454715900348067,0
6.441492214759159,0.4818601239329623,3.6005046590097836,1.4697598708390003,2.192712858594846,0.5071961982966878,1.4382815665951174,4.767386772163912,-0.3938784874056145,-0.39056023203847,0
0.523550201874724,7.675676285179183,4.16504431903879,1.3755259207714963,0.20937135340111057,7.080683045446306,4.888830392281677,0.9882264841504643,0.4720604465103857,-0.08315458751105487,0
8.80156737921485,2.157406791764541,6.778132003100442,1.225426485576906,7.6885581757283905,1.530461536006574,8.690019816040714,2.299383580447708,-0.55311796870995,0.4344978120669414,1
6.821938806266105,4.681541413010304,5.791752553747221,0.8597389355390275,8.037032262345141,4.851744968083518,5.325620846076022,1.312516714583904,0.9699282894621537,0.846046004798902,0
5.438057278662374,0.9986682113617817,6.880444438360138,0.9693222184879022,5.702788244206312,1.1221630414374126,7.868991461668743,1.0308048673078418,-0.6999744100140672,0.6745694979450514,1
9.634992408875883,5.190322801295487,6.775422674589532,1.0183047005418182,9.221726973173281,6.263394774457353,7.852701263151433,1.5756906223322789,0.06388814296241696,1.4280414698376407,0
1.2555021476265338,0.16947664889580993,7.701582117570959,1.3650088761554178,0.7244410812149981,-0.6909260104495415,7.854366560463939,1.0225760013108212,-0.45571322049513574,-0.38478211528100914,2
5.680925123378673,6.630073461417759,5.483820361956539,1.4154785803924692,8.004455350621454,7.409870739436163,8.399224934231295,3.8087347415849733,0.9892893608629345,0.3184396948004391,0
2.9114424778517902,2.0709491817657124,1.523277856626788,1.429618648782271,3.3795468745442414,2.295846686860799,0.5933765755194438,1.0650901401317534,-1.3208505330873321,0.5149268446380892,2
9.57789800988204,9.427243190941123,7.851895431484084,1.4939295310949543,13.188964385778867,10.23287944053284,7.929334996550896,3.7006549452801716,-1.2731848781497477,-0.40295775521588606,0
2.253812680067658,1.9583308413427003,1.4080294889267608,1.2356895490961977,2.843716515272991,4.077822974782945,1.8965905256465605,2.253647116366217,0.40786412149118556,-0.3355028816190133,0
6.74130295536063,2.5990497924283282,3.451922084942105,1.442240090192393,6.186924661984924,2.2045815867573113,0.6983551738805742,2.8363834703975437,1.1704234121880441,0.6231640508025826,0
0.6220322616470275,1.4730304427897034,0.07841590771916818,1.2416452531604145,-1.0115879125746794,1.2392982312960492,0.13520878023259347,1.6512331908855882,-0.7743201176613325,0.0018107134641227596,1
9.623102029877842,6.209085902177081,9.28660287014883,1.3325980411601468,10.499960971802194,4.247724326340579,9.574094207751005,2.1675959273805683,-0.12420616945848018,0.18262339008785267,2
4.455416387418909,2.0918546540792784,0.49979028659678737,1.3905547648362766,3.8115497569709165,2.9746845587353583,-1.897396241228834,2.6344745448662383,-0.1890123430031374,0.28068280613635777,0
0.7308156202701499,6.223432646172461,9.811778367622946,0.9330753548486094,1.4240746193930642,6.862263455462015,9.840500033746574,0.9431531036196449,0.7719306214033166,-1.0149856912891142,0
4.7690010646797,7.18331175372004,2.473403158190833,1.248430628484221,3.3343464994526872,7.891921170540606,4.6995772009947805,2.741571063457514,-0.0033130063921742448,-1.4636906496716777,0
0.09038469079292177,3.570293439700122,9.26194068431782,0.9600737457225261,0.6238047139714118,1.6946818387455458,10.168713673850869,2.150509951920668,-0.5349900310213541,1.044126268804452,0
7.288614422699469,0.9539927731321063,4.287020209864336,0.8204188345516852,10.438197106449241,0.5834542220131113,3.749509981832502,3.2165334049066883,-0.30649012349352933,1.2585930739681492,0
9.93255015422964,0.44911298995615856,7.61007923495392,1.0602068464816403,8.9612374457769,2.5785174967266142,6.709443886345863,2.5077790895967054,1.255279296436226,1.3527857835076453,0
5.771225860383208,3.571211593005028,7.875490858587792,0.9757009682836102,2.8160701338154546,4.910107600453992,6.05873296466662,3.718359467850554,-0.9252211627955227,1.254717260026311,0
1.018036829495369,5.059579077349317,2.208527829630089,0.8272509743279672,2.114183008095156,4.449024607959146,3.23800551506514,1.6230026216121582,1.3513775117258873,0.24486687896758053,0
4.366141897687661,5.800888346694546,5.166983852262677,1.3311433776301276,3.0179658252029684,3.805417908086061,4.883303266097127,2.4248619896290635,0.841096509020645,-0.0709928000967035,0
4.975398521461022,2.0468010905728393,5.911303032585165,0.9302951284273436,6.357873689347711,3.3771321757187898,5.280160342063585,2.0197424295507953,-0.8787725723674343,-1.2865251444797017,0
0.690075926128163,9.407845205031078,5.069204379618347,1.086588450271913,1.3451837537284272,10.014287337473625,6.922877667351578,2.0574360217125416,0.8133684475556597,0.46395206059786354,0
1.5159507480009937,8.75883083517057,5.390945527360087,0.9977306984590026,-0.09062977147257945,8.002561088659064,5.268661517707618,1.7798871520569048,-1.1163995963327473,0.7966402515475828,1
5.9043108982269334,0.6133095564328261,3.6217625479872826,1.306189791717788,5.031143507541291,-0.26874831125548626,3.5796270778752493,1.241862622011464,1.1482031420202663,-1.344297169238073,0
1.9111870949600263,3.1008453834275507,7.317247365642129,1.2484449149618106,1.5810015745250712,5.324917574686173,6.5956370295654025,2.361406586542775,0.32889303497070577,1.1881223989716574,0
8.18026749138693,2.5281360608920056,2.7143857763420023,0.88774953305467,6.115172937631485,1.8318044147421668,3.0951775898638796,2.2123507142009435,-1.0511956514191425,-0.3579309565174027,1
5.444969591038651,7.093208284726096,1.6732130400106038,1.3464422021978901,7.798371334554894,7.945928622637993,1.8311770213292342,2.508103737979732,-1.372733105379325,-0.7040215873335991,0
